d_out,d_in,bs,v9_ms,cublas_fp16_ms,fakequant_ms,speedup_vs_fp16,speedup_vs_fakequant
4096,4096,1,0.33300479253133136,0.03891199827194214,4.415744018554688,0.1168511659431479,13.26030170613603
4096,4096,16,0.3407498677571615,0.017100799083709716,4.857625579833984,0.05018578347885598,14.255693220975262
4096,4096,256,0.34570239384969076,0.05325653155644735,5.116281509399414,0.154053117663984,14.799670469230078
11008,4096,1,0.32696425120035805,0.09755307038625081,12.893388366699218,0.2983600501526143,39.43363324695204
11008,4096,16,0.33945598602294924,0.10024426778157552,13.100178527832032,0.2953085875904937,38.59168512923611
11008,4096,256,0.49872213999430337,0.17420585950215658,12.52679672241211,0.3493044433602776,25.11778747692091
4096,11008,1,0.43287893931070964,0.09826560020446777,11.080742645263673,0.22700480730464734,25.597786445577555
4096,11008,16,0.6535061518351237,0.09983253479003906,10.626252746582031,0.1527644912135828,16.260371408505087
4096,11008,256,0.7938730875651042,0.17200746536254882,10.782707214355469,0.21666871954321384,13.582406789260503
