d_out,d_in,bs,hp_ratio,v9_total_ms,fp16_ms,stage1_quant_ms,stage2_dense_ms,stage3_sparse_ms,stage4_combine_ms,speedup_vs_fp16
4096,4096,1,0.0,0.18356906572977702,0.03887786865234375,0.0630016009012858,0.10157439708709717,0.0,0.002182399978240331,0.2117887809571028
4096,4096,16,0.0,0.225930658976237,0.016691199938456216,0.13745493888854982,0.08758613268534342,0.0,0.008938666184743245,0.07387753399246168
4096,4096,64,0.0,0.2716352144877116,0.019694934288660686,0.1797365347544352,0.08846826553344726,0.0,0.009045333663622538,0.07250508490147052
4096,4096,512,0.0,0.35532798767089846,0.11124053001403808,0.17757333119710286,0.1508288065592448,0.0,0.02754559914271037,0.31306436271231197
4096,4096,2048,0.0,0.8497130711873372,0.4188565254211426,0.17889280319213868,0.5645002365112305,0.0,0.10656320254007975,0.4929387808944236
4096,4096,8192,0.0,3.0628575642903644,1.7614922841389975,0.3217418670654297,2.2287017822265627,0.0,0.44024426142374673,0.575114006173878
4096,4096,1,0.02,0.2175637404123942,0.03852800130844116,0.054340267181396486,0.0870304028193156,0.06958613395690919,0.014643200238545736,0.1770883385044353
4096,4096,16,0.02,0.2406378746032715,0.016759467124938966,0.13742079734802246,0.08787093162536622,0.07030933698018392,0.021913599967956544,0.0696460071074411
4096,4096,64,0.02,0.2840575853983561,0.01966080069541931,0.1767423947652181,0.08864426612854004,0.07001067002614339,0.02174293398857117,0.06921413722449071
4096,4096,512,0.02,0.3819765408833822,0.11089920202891032,0.17728853225708008,0.15042559305826822,0.0698037306467692,0.034884266058603924,0.29032987673127275
4096,4096,2048,0.02,0.9130602518717448,0.41979732513427737,0.1777557373046875,0.5638837178548177,0.07038293679555258,0.12520106633504233,0.45976957629434206
4096,4096,8192,0.02,3.5341204325358073,1.7105194091796876,0.31853227615356444,2.232348887125651,0.12639466921488443,0.7939072291056315,0.4840014486864425
4096,4096,1,0.05,0.21726826032002766,0.0180565337340037,0.05915306806564331,0.09550506273905436,0.07006613413492839,0.014403200149536133,0.08310709400170616
4096,4096,16,0.05,0.27129173278808594,0.018122667074203493,0.14929919242858886,0.09567573070526122,0.06891520023345947,0.02164586583773295,0.06680139821422294
4096,4096,64,0.05,0.3098016103108724,0.019808000326156615,0.17906346321105956,0.08942293326059977,0.06867626508076986,0.02225066622098287,0.06393769324271797
4096,4096,512,0.05,0.396942933400472,0.11242773532867431,0.17841493288675944,0.1514453411102295,0.07010986804962158,0.035062400499979655,0.28323400133501564
4096,4096,2048,0.05,0.943889045715332,0.41881599426269533,0.17885866165161132,0.5644970575968424,0.07065599759419759,0.12639573415120442,0.44371316328318344
4096,4096,8192,0.05,3.614410654703776,1.720968500773112,0.33535998662312827,2.2369280497233075,0.19704960187276205,0.7895658493041993,0.476140833231955
4096,4096,1,0.1,0.2158250649770101,0.01713493267695109,0.05905066728591919,0.09485653241475424,0.07086079915364583,0.014613333344459533,0.07939269092204987
4096,4096,16,0.1,0.25753386815388996,0.016383999586105348,0.13813759485880533,0.08785920143127442,0.06918826897939047,0.02167466680208842,0.06361881527875414
4096,4096,64,0.1,0.30162668228149414,0.0202346662680308,0.1782101313273112,0.08870186805725097,0.06962133248647054,0.02167466680208842,0.0670851335663558
4096,4096,512,0.1,0.40758612950642903,0.11154346466064453,0.1776298681894938,0.15076692899068198,0.07082666556040446,0.034949334462483723,0.27366845087618497
4096,4096,2048,0.1,0.972218640645345,0.4219562530517578,0.17824427286783853,0.5630197525024414,0.09536853631337484,0.1249621311823527,0.43401374486264654
4096,4096,8192,0.1,3.72367680867513,1.7152341206868489,0.31999359130859373,2.2445025126139324,0.3085536003112793,0.7939072291056315,0.4606291600524597
11008,4096,1,0.0,0.14346240361531576,0.09704106648763021,0.054271999994913736,0.08980480035146078,0.0,0.0015018666783968607,0.6764215853223743
11008,4096,16,0.0,0.2368842601776123,0.1002837340037028,0.13828159968058268,0.09687039852142335,0.0,0.008941866954167684,0.4233448601798682
11008,4096,64,0.0,0.28702720006306964,0.10431146621704102,0.1798485279083252,0.09779199759165445,0.0,0.010956799983978272,0.36342014343630236
11008,4096,512,0.0,0.6773759841918945,0.320580259958903,0.17844586372375487,0.4284746805826823,0.0,0.0715392033259074,0.4732678267909857
11008,4096,2048,0.0,1.9943082173665365,1.2090367635091146,0.17903146743774415,1.5239541371663412,0.0,0.2864170710245768,0.6062436853946453
11008,4096,8192,0.0,7.646583557128906,5.165670267740885,0.32668479283650714,6.179900614420573,0.0,1.1936426798502604,0.6755527130707848
11008,4096,1,0.02,0.21275839805603028,0.09717760086059571,0.054653867085774736,0.08850773175557454,0.06941973368326823,0.014601600170135499,0.4567509520117924
11008,4096,16,0.02,0.25744214057922366,0.10007680257161458,0.1379327932993571,0.09761599699656169,0.0694645325342814,0.021679999430974324,0.38873512450778264
11008,4096,64,0.02,0.3104853312174479,0.1042687972386678,0.18113600413004557,0.09810453255971273,0.06925653616587321,0.021708800395329794,0.33582519608838884
11008,4096,512,0.02,0.7264885584513346,0.32067734400431314,0.17816960016886393,0.42778345743815105,0.06983359654744466,0.0852735996246338,0.4414072875254984
11008,4096,2048,0.02,2.247338612874349,1.211562728881836,0.17876267433166504,1.5208106994628907,0.07478613058725993,0.4846933364868164,0.5391100041360681
11008,4096,8192,0.02,8.94041748046875,5.158468119303385,0.32348159154256184,6.048972574869792,0.425437863667806,2.192486317952474,0.5769829127747762
11008,4096,1,0.05,0.2140501340230306,0.07284053166707356,0.05461333195368449,0.09024853706359863,0.07041707038879394,0.014609066645304362,0.3402965945316172
11008,4096,16,0.05,0.26675306955973305,0.09949759642283122,0.13902506828308106,0.09748480319976807,0.06901760101318359,0.02177706758181254,0.3729951321161877
11008,4096,64,0.05,0.3192490577697754,0.10386772950490315,0.18120106061299643,0.0981333335240682,0.06935893694559733,0.021709867318471274,0.3253501521054034
11008,4096,512,0.05,0.7455402374267578,0.32224321365356445,0.17841493288675944,0.4281301180521647,0.07014400164286295,0.08571840127309163,0.4322277960017172
11008,4096,2048,0.05,2.310322062174479,1.1995243072509765,0.17914133071899413,1.536300786336263,0.12492693265279134,0.4904959996541341,0.5192022042684309
11008,4096,8192,0.05,9.061854044596354,5.1916554768880205,0.33515199025472003,6.048119608561198,0.527350393931071,2.166886393229167,0.5729131644957183
11008,4096,1,0.1,0.21565759976704915,0.0724992036819458,0.05693440039952596,0.08956586519877116,0.0719871997833252,0.01713493267695109,0.3361773652320095
11008,4096,16,0.1,0.27329705556233724,0.09973759651184082,0.13902506828308106,0.09652907053629557,0.06894933382670085,0.021741867065429688,0.3649420821846042
11008,4096,64,0.1,0.32335039774576824,0.10478080113728841,0.17865386009216308,0.0974506696065267,0.06833279927571614,0.02153173287709554,0.324047231324798
11008,4096,512,0.1,0.7668053309122721,0.32280108133951824,0.17865813573201497,0.4280949274698893,0.07022079626719156,0.08571093082427979,0.4209687495983892
11008,4096,2048,0.1,2.3872169494628905,1.2177749633789063,0.17913173039754232,1.5386282602945964,0.20032639503479005,0.4925087928771973,0.510123289654465
11008,4096,8192,0.1,9.308749389648437,5.210931396484375,0.32750507990519206,6.093038940429688,0.8291327794392903,2.1672960917154946,0.5597885578785762
4096,11008,1,0.0,0.36894718805948895,0.09823573430379232,0.1421994686126709,0.22824959754943847,0.0,0.001533866673707962,0.26625960973024904
4096,11008,16,0.0,0.602069346110026,0.09956693649291992,0.37041492462158204,0.2305792013804118,0.0,0.009080533186594646,0.16537453224653031
4096,11008,64,0.0,0.7167999903361003,0.11068693002065023,0.4825087865193685,0.23060480753580728,0.0,0.009045333663622538,0.15441815222228203
4096,11008,512,0.0,0.9098463694254557,0.3198197364807129,0.4849664052327474,0.39621973037719727,0.0,0.02815786600112915,0.3515096034099369
4096,11008,2048,0.0,2.1387349446614583,1.1798868815104167,0.4876629193623861,1.5236778259277344,0.0,0.10973866780598958,0.5516751313460124
4096,11008,8192,0.0,7.9224492390950525,4.822323099772135,1.3976885477701824,6.170623779296875,0.0,0.4505941390991211,0.608690943196623
4096,11008,1,0.02,0.3914069175720215,0.0982698678970337,0.14226773579915364,0.22851200103759767,0.06976853211720785,0.014610133568445842,0.25106829615230647
4096,11008,16,0.02,0.6253536224365235,0.09994666576385498,0.3719509442647298,0.23040000597635904,0.06930133501688639,0.021631999810536703,0.15982423732421902
4096,11008,64,0.02,0.7389216105143229,0.1116159995396932,0.4822357177734375,0.2306719938913981,0.06908586819966635,0.021910399198532104,0.15105255814889945
4096,11008,512,0.02,0.9474730809529622,0.3188138643900553,0.48401066462198894,0.39546880722045896,0.06993920008341471,0.03543039957682292,0.33648857239236224
4096,11008,2048,0.02,2.2156906127929688,1.20076904296875,0.48482453028361,1.5228927612304688,0.06983679930369059,0.12827306588490803,0.5419389494344301
4096,11008,8192,0.02,8.350208028157551,4.744499206542969,1.4088768005371093,6.091195678710937,0.19281919797261557,0.7921632130940756,0.5681893421749672
4096,11008,1,0.05,0.44769598642985026,0.07253333727518717,0.15297919909159344,0.24544320106506348,0.07055359681447347,0.014643200238545736,0.1620147141670935
4096,11008,16,0.05,0.6504501342773438,0.0999082644780477,0.3703818639119466,0.23077333768208821,0.07007573445638021,0.02184213399887085,0.15359865301441858
4096,11008,64,0.05,0.7628181457519532,0.11124053001403808,0.4796309471130371,0.23087040583292642,0.06959786415100097,0.021734400590260824,0.1458283742114996
4096,11008,512,0.05,0.9902762730916341,0.3195221265157064,0.48452266057332355,0.39621973037719727,0.07544213136037191,0.03514773448308309,0.32265958015752616
4096,11008,2048,0.05,2.289459228515625,1.2042240142822265,0.48468694686889646,1.5060309092203776,0.12404053211212158,0.12666880289713542,0.5259862238573199
4096,11008,8192,0.05,8.56401875813802,4.813304646809896,1.4191275278727213,6.087466430664063,0.38686399459838866,0.7856810887654623,0.56203807847058
4096,11008,1,0.1,0.43414185841878256,0.07342080275217693,0.1432831923166911,0.2303317387898763,0.07062186400095621,0.01474560002485911,0.16911707850421934
4096,11008,16,0.1,0.6660138448079427,0.09964160124460857,0.3703818639119466,0.2306997299194336,0.07044053077697754,0.02218666672706604,0.1496089038109141
4096,11008,64,0.1,0.7804842631022135,0.11096106370290121,0.48106667200724285,0.23132160504659016,0.06997333367665609,0.021811199188232423,0.1421695080203937
4096,11008,512,0.1,1.015874163309733,0.320034122467041,0.4853760083516439,0.39628801345825193,0.10113600095113119,0.03515733480453491,0.3150332334709302
4096,11008,2048,0.1,2.425787607828776,1.2009471893310546,0.4853418668111165,1.524292246500651,0.20629760424296062,0.12983253002166747,0.4950751605190917
4096,11008,8192,0.1,8.836915079752604,4.858948262532552,1.3971744537353517,6.099550882975261,0.6855679829915364,0.7869130452473958,0.5498466624020768
14336,4096,1,0.0,0.14335892995198568,0.12595199743906657,0.05461333195368449,0.08884906768798828,0.0,0.0015317333241303762,0.8785779684687302
14336,4096,16,0.0,0.23814826011657714,0.12858880360921224,0.1389344056447347,0.09680213133494059,0.0,0.008974933624267578,0.5399527317405808
14336,4096,64,0.0,0.28842665354410807,0.14141440391540527,0.17766292889912924,0.09779199759165445,0.0,0.014035200079282125,0.49029589387022193
14336,4096,512,0.0,0.7717887878417968,0.41402559280395507,0.17916587193806965,0.5000192006429036,0.0,0.09212586879730225,0.5364493490009381
14336,4096,2048,0.0,2.5322837829589844,1.5954261779785157,0.18298880259195963,2.031374994913737,0.0,0.3817813237508138,0.6300345122118396
14336,4096,8192,0.0,9.94720458984375,7.73218994140625,0.3327317237854004,8.100215657552083,0.0,1.538600540161133,0.7773229022856266
14336,4096,1,0.02,0.2130261262257894,0.12602026462554933,0.05461333195368449,0.08884906768798828,0.06855146884918213,0.014847999811172486,0.591571873639474
14336,4096,16,0.02,0.25883307456970217,0.12845333417256674,0.13916160265604655,0.0969322681427002,0.06771199703216553,0.022118399540583294,0.4962786706687867
14336,4096,64,0.02,0.31511573791503905,0.141755739847819,0.18154560724894206,0.09820160071055094,0.06874240239461263,0.021637332439422608,0.4498529358950613
14336,4096,512,0.02,0.8331872304280599,0.41226240793863933,0.1789237340291341,0.49735679626464846,0.07017813523610433,0.10885120232899984,0.49480163987491094
14336,4096,2048,0.02,2.8890101114908853,1.5696180979410808,0.17926079432169598,1.9764532725016275,0.09795200030008952,0.6748853047688802,0.5433065435451429
14336,4096,8192,0.02,11.459310913085938,7.765264892578125,0.32300373713175456,7.946917215983073,0.5500928243001302,2.757756805419922,0.6776380317694841
14336,4096,1,0.05,0.22801067034403483,0.10830506483713785,0.05939199924468994,0.255351463953654,0.06945172945658366,0.014821333686510722,0.47499998431530116
14336,4096,16,0.05,0.2810880025227865,0.12837546666463215,0.13888853391011555,0.09642346700032552,0.06871039867401123,0.0217738668123881,0.45670916407834
14336,4096,64,0.05,0.31992321014404296,0.14189227422078451,0.17796907424926758,0.09840640226999918,0.06915413538614909,0.021975467602411907,0.44351978762934585
14336,4096,512,0.05,0.8549472173055013,0.4126720110575358,0.17889280319213868,0.4991999944051107,0.06999999682108561,0.10919253031412761,0.48268712115133333
14336,4096,2048,0.05,3.0172800699869793,1.537266159057617,0.18165760040283202,1.9665877024332683,0.15752533276875813,0.6777856190999348,0.5094873937454043
14336,4096,8192,0.05,11.725005086263021,7.78076171875,0.3187029202779134,8.135917663574219,0.6961770375569661,2.866107686360677,0.6636041231117176
14336,4096,1,0.1,0.21517653465270997,0.10887680053710938,0.05581226746241252,0.09134079615275065,0.0691648006439209,0.014779733618100484,0.5059882608149353
14336,4096,16,0.1,0.27982505162556964,0.12837546666463215,0.13916160265604655,0.09717760086059571,0.06877866586049398,0.021943465868632,0.45877045646509784
14336,4096,64,0.1,0.3339285214742025,0.1411754608154297,0.17786879539489747,0.09817066987355551,0.06887679894765218,0.021845332781473794,0.42277149670288394
14336,4096,512,0.1,0.889685312906901,0.4086336135864258,0.17882453600565593,0.497653325398763,0.09051199754079182,0.10895360310872396,0.4593012918818255
14336,4096,2048,0.1,3.073320515950521,1.5664117177327475,0.1805760065714518,1.9849503835042317,0.2642528057098389,0.6812672297159831,0.5096805587321847
14336,4096,8192,0.1,12.096785481770834,7.75174814860026,0.32870400746663414,8.14250996907552,1.0826410929361978,2.8522496541341145,0.6408105823056632
4096,14336,1,0.0,0.4801535924275716,0.1264298677444458,0.18752533594767254,0.2943914731343587,0.0,0.0015360000232855478,0.26331130233815137
4096,14336,16,0.0,0.7753386815388997,0.12813653151194254,0.4768426577250163,0.2978826522827148,0.0,0.009147733449935913,0.1652652377121388
4096,14336,64,0.0,0.9231018702189128,0.1431605339050293,0.620953623453776,0.2984928131103516,0.0,0.009079466263453165,0.15508638702148758
4096,14336,512,0.0,1.1686144510904948,0.4115050633748372,0.6257578531901041,0.5155839920043945,0.0,0.027637332677841187,0.35213073310093035
4096,14336,2048,0.0,2.8232022603352864,1.5504725138346354,0.6955008188883464,1.9868671417236328,0.0,0.10714453061421712,0.5491893144242876
4096,14336,8192,0.0,10.221433512369792,6.142152404785156,1.8514602661132813,7.911048380533854,0.0,0.44529921213785806,0.600909099232709
4096,14336,1,0.02,0.5127509435017904,0.12649813493092854,0.19048852920532228,0.29591039021809895,0.0688810666402181,0.014882133404413859,0.24670483113501446
4096,14336,16,0.02,0.8063317616780599,0.1284437338511149,0.4797461191813151,0.29791574478149413,0.06898346741994223,0.021538132429122926,0.15929390352156064
4096,14336,64,0.02,0.9559712092081706,0.1451690673828125,0.624565315246582,0.29986772537231443,0.07045119603474935,0.021538132429122926,0.15185506214466
4096,14336,512,0.02,1.2181504567464192,0.41192105611165364,0.6252202351888021,0.5147338549296061,0.07004160086313883,0.03512320121129354,0.3381528561027357
4096,14336,2048,0.02,2.9146197001139322,1.561419677734375,0.7275754928588867,1.9868021647135417,0.07259093125661215,0.12847786744435627,0.5357198668743436
4096,14336,8192,0.02,10.643668619791667,6.345219421386719,1.8690080006917318,7.9528961181640625,0.23115092913309734,0.7966986974080403,0.5961496592996068
4096,14336,1,0.05,0.6001408259073894,0.10676906903584799,0.1898837407430013,0.2968576113382975,0.06949653625488281,0.014878933628400167,0.1779066919408746
4096,14336,16,0.05,0.8281770706176758,0.1282410701115926,0.47882239023844403,0.2974346796671549,0.06946132977803549,0.02190293272336324,0.15484740481398154
4096,14336,64,0.05,0.9786368052164713,0.14431467056274414,0.6246400197347005,0.29931519826253256,0.06902186870574951,0.022080000241597494,0.14746499395229898
4096,14336,512,0.05,1.2562432607014975,0.41406399408976235,0.6253664016723632,0.5155839920043945,0.07932799657185872,0.03593706687291463,0.3296049475788195
4096,14336,2048,0.05,3.0118230183919272,1.5611157735188803,0.7106784184773763,2.0007296244303387,0.1472053368886312,0.12847786744435627,0.5183291860065508
4096,14336,8192,0.05,10.900548299153646,6.308600362141927,1.862075678507487,7.998422241210937,0.478985595703125,0.8017578760782877,0.578741563177308
4096,14336,1,0.1,0.5588053385416667,0.10798719724019369,0.19042986234029133,0.2954581260681152,0.07314240137736003,0.014609066645304362,0.19324653827039584
4096,14336,16,0.1,0.8554730733235677,0.12810239791870118,0.48004798889160155,0.29815467198689777,0.07488853136698405,0.02174293398857117,0.14974451202890016
4096,14336,64,0.1,1.0049952189127604,0.14383680025736492,0.6244351704915364,0.30000425974527994,0.07550293604532878,0.022016000747680665,0.14312187515973726
4096,14336,512,0.1,1.3007530212402343,0.4144810676574707,0.6250058492024739,0.5157130559285482,0.12148693402608236,0.03525013526280721,0.31864701514379246
4096,14336,2048,0.1,3.136238861083984,1.5636170705159504,0.6349824269612631,1.9946197509765624,0.26036906242370605,0.1295018672943115,0.49856440780646233
4096,14336,8192,0.1,11.30728759765625,6.256430053710938,1.8755616505940755,8.045836893717448,0.8820394515991211,0.7964672088623047,0.553309535967561
8192,8192,1,0.0,0.2787328084309896,0.14363306363423664,0.10574399630228679,0.1744640032450358,0.0,0.0015114666273196538,0.5153073455642313
8192,8192,16,0.0,0.4483413378397624,0.14984532992045085,0.27377920150756835,0.1727392037709554,0.0,0.00911359985669454,0.334221534517537
8192,8192,64,0.0,0.5326848030090332,0.15721813837687174,0.3504128138224284,0.17418239911397299,0.0,0.009011200070381165,0.2951429015597534
8192,8192,512,0.0,0.9839957555135092,0.4432266553243001,0.3546794573465983,0.5763754526774089,0.0,0.05287253459294637,0.4504355357640718
8192,8192,2048,0.0,2.8193450927734376,1.713766352335612,0.3577813466389974,2.2559796651204427,0.0,0.2144597371419271,0.6078597319385797
8192,8192,8192,0.0,11.019366455078124,7.426624043782552,1.0433834711710612,9.090758260091146,0.0,0.8955445607503255,0.6739610733573611
8192,8192,1,0.02,0.3057663917541504,0.14363306363423664,0.10632533232371012,0.1754111925760905,0.06987093289693197,0.01495039959748586,0.4697477142933483
8192,8192,16,0.02,0.47560640970865886,0.1509376049041748,0.2741930643717448,0.1741173267364502,0.06997333367665609,0.022024534145991006,0.3173582227300812
8192,8192,64,0.02,0.5630517323811849,0.1558890660603841,0.35290454228719076,0.175820795694987,0.06833493709564209,0.022143999735514324,0.27686455274920907
8192,8192,512,0.02,1.0401109059651692,0.44496641159057615,0.35382506052652996,0.575010108947754,0.06905173460642497,0.06413653294245401,0.42780669738067045
8192,8192,2048,0.02,2.9951316833496096,1.713254419962565,0.3585023880004883,2.2683306376139325,0.08588586648305258,0.33764692942301433,0.5720130535451264
8192,8192,8192,0.02,11.885999552408855,7.583675638834635,1.022259203592936,9.126901245117187,0.35976533889770507,1.6065877278645833,0.6380343197386125
8192,8192,1,0.05,0.3136224110921224,0.12861440181732178,0.10619200070699056,0.17537493705749513,0.06901760101318359,0.014711466431617738,0.4100931479018029
8192,8192,16,0.05,0.48285547892252606,0.1510741392771403,0.27336851755777997,0.17405014038085936,0.06847146352132162,0.022022400299708048,0.31287651455101345
8192,8192,64,0.05,0.5704106648763021,0.15769386291503906,0.3525216102600098,0.1754111925760905,0.06877866586049398,0.021606399615605672,0.27645672254258463
8192,8192,512,0.05,1.0582698822021483,0.4483861287434896,0.3536213239034017,0.5752831776936849,0.06963199774424235,0.06423893372217813,0.42369733494677675
8192,8192,2048,0.05,3.172624969482422,1.684821319580078,0.35839999516805016,2.263819630940755,0.158515199025472,0.3410943984985352,0.5310496310740874
8192,8192,8192,0.05,12.133341471354166,7.436082967122396,1.013043212890625,9.290171305338541,0.6159360249837239,1.6019114176432292,0.6128635697493872
8192,8192,1,0.1,0.33082027435302735,0.13004799683888754,0.1069002628326416,0.17664000193277996,0.06881706714630127,0.014770133296648662,0.39310769901638426
8192,8192,16,0.1,0.5005311965942383,0.1512106736501058,0.27487573623657224,0.17466346422831217,0.06993920008341471,0.02177706758181254,0.3021003978952516
8192,8192,64,0.1,0.5869909286499023,0.1559434731801351,0.35280319849650066,0.17517226537068684,0.06894933382670085,0.021913599967956544,0.26566589970787113
8192,8192,512,0.1,1.1066026051839193,0.451857058207194,0.35952641169230143,0.5753173192342123,0.09536853631337484,0.06512639919916789,0.40832820751591725
8192,8192,2048,0.1,3.229081726074219,1.7246538798014324,0.36358826955159507,2.2546432495117186,0.27975680033365885,0.340718936920166,0.5341004118524413
8192,8192,8192,0.1,12.606702677408855,7.437926228841146,1.0331050872802734,9.2941650390625,1.0650282541910807,1.60184326171875,0.5899977511304261
28672,4096,1,0.0,0.19927040735880533,0.2476373354593913,0.054579198360443115,0.14407679239908855,0.0,0.0015029333531856536,1.2427200744037057
28672,4096,16,0.0,0.2937856038411458,0.25348052978515623,0.13882026672363282,0.1508010705312093,0.0,0.009070932865142822,0.8628078655692635
28672,4096,64,0.0,0.35751253763834634,0.2815317471822103,0.18073172569274903,0.15151893297831218,0.0,0.024951465924580894,0.7874737737645527
28672,4096,512,0.0,1.37076047261556,0.78919677734375,0.18045546213785807,1.000379753112793,0.0,0.187665065129598,0.5757364565946936
28672,4096,2048,0.0,4.9594370524088545,3.1732393900553384,0.18560746510823567,4.068663533528646,0.0,0.7665322621663412,0.6398386261428725
28672,4096,8192,0.0,19.51051025390625,12.123681640625,0.33737386067708336,16.241151936848958,0.0,2.9736287434895834,0.621392340992091
28672,4096,1,0.02,0.22522239685058593,0.24777386983235677,0.054749866326649986,0.14438400268554688,0.06791893641153972,0.01474560002485911,1.100129797467397
28672,4096,16,0.02,0.32150185902913414,0.25340587298075357,0.1389568010965983,0.15049386024475098,0.06837546825408936,0.021917865673700968,0.7881941141677511
28672,4096,64,0.02,0.4440629323323568,0.28306347529093423,0.18152106602986653,0.15171626408894856,0.06809600194295247,0.032007465759913124,0.6374399993356724
28672,4096,512,0.02,1.500641123453776,0.7980960210164388,0.17875199317932128,0.9997546513875325,0.06962666511535645,0.28825066884358724,0.5318366986902199
28672,4096,2048,0.02,5.694622802734375,3.1950505574544272,0.1811797300974528,4.022677357991537,0.24941226641337078,1.358950424194336,0.561064475757774
28672,4096,8192,0.02,22.84219767252604,11.82371826171875,0.32768001556396487,16.277167765299478,1.0445141474405923,5.505501810709635,0.5176261247375504
28672,4096,1,0.05,0.46899201075236,0.24743253389994305,0.05495466788609823,0.14448213577270508,0.06912000179290771,0.014609066645304362,0.5275836863468317
28672,4096,16,0.05,0.33903681437174477,0.2535424073537191,0.1389909267425537,0.15144960085550943,0.0685365358988444,0.022016000747680665,0.7478314938262622
28672,4096,64,0.05,0.4106239954630534,0.28439680735270184,0.17978026072184244,0.15193279584248862,0.06833173433939616,0.031982932488123575,0.6925966589750621
28672,4096,512,0.05,1.5422122955322266,0.8203264236450195,0.1797119935353597,0.9921845118204753,0.09288533528645833,0.28136107126871746,0.5319153699017294
28672,4096,2048,0.05,5.8450261433919275,3.135889180501302,0.18230080604553223,4.02596689860026,0.37085866928100586,1.363046391805013,0.5365055867280543
28672,4096,8192,0.05,23.29787801106771,11.81651611328125,0.32795305252075196,16.27866414388021,1.49595095316569,5.500689188639323,0.5071928056137897
28672,4096,1,0.1,0.2617034594217936,0.24753492673238117,0.05491626660029093,0.14469119707743328,0.06976853211720785,0.014847999811172486,0.9458603538496727
28672,4096,16,0.1,0.35920960108439126,0.25343999862670896,0.13905812899271647,0.23579306602478028,0.06979626814524333,0.022152533133824665,0.7055490662321322
28672,4096,64,0.1,0.43708372116088867,0.28269227345784503,0.18189333279927572,0.15199573834737143,0.06931946277618409,0.03201599915822347,0.646769165200246
28672,4096,512,0.1,1.6031295776367187,0.8217599868774415,0.17968106269836426,0.9926656087239584,0.15411200523376464,0.28617385228474934,0.5125973585297161
28672,4096,2048,0.1,6.056626383463541,3.1021738688151044,0.1818965276082357,4.049778238932292,0.5783210754394531,1.3599744160970053,0.5121950195384342
28672,4096,8192,0.1,24.1262939453125,11.821195475260417,0.34350932439168297,16.359486897786457,2.2426656087239585,5.4897918701171875,0.4899714602688557
